<?xml version="1.0" encoding="UTF-8"?>
<wps:Execute version="1.0.0" service="WPS" xmlns:xsi="http://www.w3.org/2001/XMLSchema-instance" xmlns="http://www.opengis.net/wps/1.0.0" xmlns:wfs="http://www.opengis.net/wfs" xmlns:wps="http://www.opengis.net/wps/1.0.0" xmlns:ows="http://www.opengis.net/ows/1.1" xmlns:gml="http://www.opengis.net/gml" xmlns:ogc="http://www.opengis.net/ogc" xmlns:wcs="http://www.opengis.net/wcs/1.1.1" xmlns:xlink="http://www.w3.org/1999/xlink" xsi:schemaLocation="http://www.opengis.net/wps/1.0.0 http://schemas.opengis.net/wps/1.0.0/wpsAll.xsd">
  <ows:Identifier>{{identifier}}</ows:Identifier>
  <wps:DataInputs>
{{#dataInputs}}
    <wps:Input>
      <ows:Identifier>{{inputIdentifier}}</ows:Identifier>
      <wps:Data>
        <wps:{{inputType}}>{{inputValue}}</wps:{{inputType}}>
      </wps:Data>
    </wps:Input>
{{/dataInputs}}
  </wps:DataInputs>
  <wps:ResponseForm>
    <wps:ResponseDocument storeExecuteResponse="{{storeExecuteResponse}}" status="{{status}}"/>
  </wps:ResponseForm>
</wps:Execute>
